{
  "head": {
    "optimistic": {
      "adjusted_arithmetic_mean_rank": 0.9850705107033995,
      "median_absolute_deviation": 62422.001205741355,
      "z_geometric_mean_rank": 101.11254635598911,
      "inverse_geometric_mean_rank": 3.192019956559192e-05,
      "arithmetic_mean_rank": 72011.25311125508,
      "adjusted_geometric_mean_rank_index": 0.41735474325262556,
      "variance": 2221823702.9979043,
      "harmonic_mean_rank": 45.18729998869408,
      "inverse_median_rank": 1.3576349998302957e-05,
      "inverse_harmonic_mean_rank": 0.02213011178473158,
      "inverse_arithmetic_mean_rank": 1.3886718489053816e-05,
      "z_inverse_harmonic_mean_rank": 1591.6441150441913,
      "geometric_mean_rank": 31328.12493684847,
      "adjusted_arithmetic_mean_rank_index": 0.014929693525803422,
      "count": 58658.0,
      "standard_deviation": 47136.22495488904,
      "adjusted_inverse_harmonic_mean_rank": 0.022046643258105868,
      "median_rank": 73657.5,
      "z_arithmetic_mean_rank": 6.260605730612156,
      "hits_at_1": 0.01979269664836851,
      "hits_at_3": 0.021855501380885812,
      "hits_at_5": 0.023168195301578643,
      "hits_at_10": 0.025674247331992226,
      "z_hits_at_k": 749.5945714386344,
      "adjusted_hits_at_k": 0.02560754905429078
    },
    "realistic": {
      "adjusted_arithmetic_mean_rank": 0.9850710024947469,
      "median_absolute_deviation": 62422.00390625,
      "z_geometric_mean_rank": 101.11247566645076,
      "inverse_geometric_mean_rank": 3.1920182664180174e-05,
      "arithmetic_mean_rank": 72011.2890625,
      "adjusted_geometric_mean_rank_index": 0.4173544514726716,
      "variance": 2221824256.0,
      "harmonic_mean_rank": 45.18730163574219,
      "inverse_median_rank": 1.357635028398363e-05,
      "inverse_harmonic_mean_rank": 0.02213011123239994,
      "inverse_arithmetic_mean_rank": 1.3886711712984834e-05,
      "z_inverse_harmonic_mean_rank": 1591.644075165538,
      "geometric_mean_rank": 31328.140625,
      "adjusted_arithmetic_mean_rank_index": 0.014929201727728603,
      "count": 58658.0,
      "standard_deviation": 47136.23046875,
      "adjusted_inverse_harmonic_mean_rank": 0.022046642705727083,
      "median_rank": 73657.5,
      "z_arithmetic_mean_rank": 6.2603995004011495,
      "hits_at_1": 0.01979269664836851,
      "hits_at_3": 0.021855501380885812,
      "hits_at_5": 0.023168195301578643,
      "hits_at_10": 0.025674247331992226,
      "z_hits_at_k": 749.5945714386344,
      "adjusted_hits_at_k": 0.02560754905429078
    },
    "pessimistic": {
      "adjusted_arithmetic_mean_rank": 0.9850714668479523,
      "median_absolute_deviation": 62422.001205741355,
      "z_geometric_mean_rank": 101.11235481705961,
      "inverse_geometric_mean_rank": 3.192015625398546e-05,
      "arithmetic_mean_rank": 72011.32300794436,
      "adjusted_geometric_mean_rank_index": 0.4173539526516208,
      "variance": 2221824895.995652,
      "harmonic_mean_rank": 45.187300336901814,
      "inverse_median_rank": 1.3576349998302957e-05,
      "inverse_harmonic_mean_rank": 0.02213011161419968,
      "inverse_arithmetic_mean_rank": 1.3886705010122908e-05,
      "z_inverse_harmonic_mean_rank": 1591.644102731693,
      "geometric_mean_rank": 31328.16744514347,
      "adjusted_arithmetic_mean_rank_index": 0.014928737368170908,
      "count": 58658.0,
      "standard_deviation": 47136.23760967407,
      "adjusted_inverse_harmonic_mean_rank": 0.022046643087559416,
      "median_rank": 73657.5,
      "z_arithmetic_mean_rank": 6.260204776236037,
      "hits_at_1": 0.01979269664836851,
      "hits_at_3": 0.021855501380885812,
      "hits_at_5": 0.023168195301578643,
      "hits_at_10": 0.025674247331992226,
      "z_hits_at_k": 749.5945714386344,
      "adjusted_hits_at_k": 0.02560754905429078
    }
  },
  "tail": {
    "optimistic": {
      "adjusted_arithmetic_mean_rank": 0.3724839770221978,
      "median_absolute_deviation": 10101.710215787918,
      "z_geometric_mean_rank": 226.98833729643837,
      "inverse_geometric_mean_rank": 0.00029115894292971507,
      "arithmetic_mean_rank": 27556.74496232398,
      "adjusted_geometric_mean_rank_index": 0.936922454295081,
      "variance": 1499349579.2365682,
      "harmonic_mean_rank": 30.02274566458093,
      "inverse_median_rank": 0.00014610271020527432,
      "inverse_harmonic_mean_rank": 0.033308079519846885,
      "inverse_arithmetic_mean_rank": 3.628875621439382e-05,
      "z_inverse_harmonic_mean_rank": 2414.076826071217,
      "geometric_mean_rank": 3434.5501805225235,
      "adjusted_arithmetic_mean_rank_index": 0.6275245052141367,
      "count": 58658.0,
      "standard_deviation": 38721.43565567486,
      "adjusted_inverse_harmonic_mean_rank": 0.03322652290889682,
      "median_rank": 6844.5,
      "z_arithmetic_mean_rank": 263.2399684859039,
      "hits_at_1": 0.021685021650925704,
      "hits_at_3": 0.03361860274813325,
      "hits_at_5": 0.03984111289167718,
      "hits_at_10": 0.05134849466398445,
      "z_hits_at_k": 1510.8019311707546,
      "adjusted_hits_at_k": 0.05128437532615111
    },
    "realistic": {
      "adjusted_arithmetic_mean_rank": 0.3724842563191812,
      "median_absolute_deviation": 10101.7099609375,
      "z_geometric_mean_rank": 226.98833136295008,
      "inverse_geometric_mean_rank": 0.00029115882352925837,
      "arithmetic_mean_rank": 27556.765625,
      "adjusted_geometric_mean_rank_index": 0.9369224298038737,
      "variance": 1499350912.0,
      "harmonic_mean_rank": 30.022747039794922,
      "inverse_median_rank": 0.00014610271318815649,
      "inverse_harmonic_mean_rank": 0.03330807760357857,
      "inverse_arithmetic_mean_rank": 3.6288729461375624e-05,
      "z_inverse_harmonic_mean_rank": 2414.0766868327773,
      "geometric_mean_rank": 3434.551513671875,
      "adjusted_arithmetic_mean_rank_index": 0.6275242259133781,
      "count": 58658.0,
      "standard_deviation": 38721.453125,
      "adjusted_inverse_harmonic_mean_rank": 0.03322652099246683,
      "median_rank": 6844.5,
      "z_arithmetic_mean_rank": 263.23985132215597,
      "hits_at_1": 0.021685021650925704,
      "hits_at_3": 0.03361860274813325,
      "hits_at_5": 0.03984111289167718,
      "hits_at_10": 0.05134849466398445,
      "z_hits_at_k": 1510.8019311707546,
      "adjusted_hits_at_k": 0.05128437532615111
    },
    "pessimistic": {
      "adjusted_arithmetic_mean_rank": 0.3724845054145003,
      "median_absolute_deviation": 10101.710215787918,
      "z_geometric_mean_rank": 226.98830733523266,
      "inverse_geometric_mean_rank": 0.0002911583722565919,
      "arithmetic_mean_rank": 27556.78405332606,
      "adjusted_geometric_mean_rank_index": 0.9369223306264963,
      "variance": 1499351948.6677282,
      "harmonic_mean_rank": 30.02274683517985,
      "inverse_median_rank": 0.00014610271020527432,
      "inverse_harmonic_mean_rank": 0.03330807822115153,
      "inverse_arithmetic_mean_rank": 3.628870473654931e-05,
      "z_inverse_harmonic_mean_rank": 2414.0767317063974,
      "geometric_mean_rank": 3434.5569122728866,
      "adjusted_arithmetic_mean_rank_index": 0.6275239768146919,
      "count": 58658.0,
      "standard_deviation": 38721.466251521626,
      "adjusted_inverse_harmonic_mean_rank": 0.0332265216100919,
      "median_rank": 6844.5,
      "z_arithmetic_mean_rank": 263.2397468278617,
      "hits_at_1": 0.021685021650925704,
      "hits_at_3": 0.03361860274813325,
      "hits_at_5": 0.03984111289167718,
      "hits_at_10": 0.05134849466398445,
      "z_hits_at_k": 1510.8019311707546,
      "adjusted_hits_at_k": 0.05128437532615111
    }
  },
  "both": {
    "optimistic": {
      "adjusted_arithmetic_mean_rank": 0.676948061892503,
      "median_absolute_deviation": 51504.85976977536,
      "z_geometric_mean_rank": 276.90423773393064,
      "inverse_geometric_mean_rank": 9.640462418174396e-05,
      "arithmetic_mean_rank": 49783.99903678952,
      "adjusted_geometric_mean_rank_index": 0.8082790174002332,
      "variance": 2354637464.808081,